{"cameraMode":{"drawMode":0,"name":"Shaded","section":"Shading Mode"},"sceneLighting":true,"audioPlay":false,"sceneViewState":{"m_AlwaysRefresh":false,"showFog":true,"showSkybox":true,"showFlares":true,"showImageEffects":true,"showParticleSystems":true,"showVisualEffectGraphs":true,"m_FxEnabled":true},"in2DMode":false,"pivot":{"x":1.2902812957763672,"y":3.055699348449707,"z":-2.631709098815918},"rotation":{"x":0.004588394891470671,"y":-0.9690581560134888,"z":-0.018015805631875993,"w":-0.2467259019613266},"size":3.8624563217163088,"orthographic":false}